"report_date","Avg Temp","Avg Prcp"
"2022-02-22","42.305347066726334","10.839176892073464"
"2022-01-05","39.029231047257596","10.457975964579422"
"2022-02-04","37.98147748719332","10.383291093735973"
"2022-01-16","39.30087272727271","10.358332727272765"
"2022-03-30","50.56114552473291","10.04516473651139"
"2022-01-06","37.49505593648504","9.899124864669844"
"2022-01-07","39.05948506891272","9.87468510719758"
"2022-02-03","38.19800554512121","9.677179143189367"
"2022-01-20","37.734379496402894","9.497100719424495"
"2022-02-02","38.95807406079082","9.485121491975281"
"2022-01-27","38.37035139750157","9.444720050328053"
"2022-02-23","41.76251456223674","9.433627565194051"
"2022-02-18","42.63153031933977","9.422289199856499"
"2022-02-07","40.72319323193231","9.366317163171678"
"2022-02-05","38.396686583378546","9.339634256744564"
"2022-01-17","40.538760107816714","9.275418688230042"
"2022-03-07","45.354343525179836","9.24925359712234"
"2022-01-02","40.11850699844478","9.220719970725494"
"2022-02-17","43.6328184642699","9.214764314247704"
"2022-02-14","39.66180909009734","9.207129207965028"
"2022-02-13","39.85572705117789","9.192469536961866"
"2022-02-01","39.50524095844925","9.178676299021825"
"2022-02-06","39.11924417538071","9.135015593469117"
"2022-03-31","50.241478089080466","9.10758261494256"
"2022-02-16","42.92651528696584","9.02919989272307"
"2022-02-24","41.4985167206041","9.01248921251351"
"2022-01-01","41.335213204951884","9.002956441999107"
"2022-01-08","37.823132288629736","8.968730867346961"
"2022-02-21","42.95114196148681","8.958172861621158"
"2022-01-19","38.9853654173003","8.953048573217668"
"2022-02-25","42.09027527887731","8.845113350125981"
"2022-01-21","37.253436487945336","8.76893666786617"
"2022-01-28","38.494908277404974","8.767052348993326"
"2022-04-05","52.4856628890088","8.726618996222363"
"2022-01-09","39.12702727355649","8.70662683572018"
"2022-07-16","70.72072163992212","8.689308969483386"
"2022-03-06","46.03605138483964","8.641641763848428"
"2022-04-07","53.6616638873448","8.632421715768059"
"2022-01-04","38.87597659765979","8.492957695769595"
"2022-02-15","40.56446236559138","8.419381720430115"
"2022-01-22","37.7304411095953","8.367705320600306"
"2022-07-05","70.49340403758485","8.316213601265263"
"2022-02-08","42.07199426626052","8.297205697903626"
"2022-04-08","53.400367478180996","8.283612310519091"
"2022-02-12","41.000478296182635","8.25583972565655"
"2022-02-10","43.27873831775705","8.249108554996438"
"2022-05-25","63.40209751609934","8.239092916283369"
"2022-01-10","38.392036117381494","8.221732731377006"
"2022-01-03","38.8736579615524","8.209708922742143"
"2022-03-11","43.61828189857429","8.186463634723001"
"2022-06-08","66.58727941870349","8.155509106350879"
"2022-03-18","48.738570786516895","8.147655730337105"
"2022-01-29","38.15169722272644","8.14055726992197"
"2022-01-14","41.38138640429339","8.138364937388218"
"2022-02-09","43.18315902386698","8.127449718423195"
"2022-04-04","50.99009171012403","8.110213990289541"
"2022-01-15","39.58673015873016","8.087034920634949"
"2022-04-06","53.63634069400631","8.067910770617424"
"2022-01-30","38.898166303558476","8.03051198257083"
"2022-02-19","41.43144208037819","8.00817239498093"
"2022-05-27","64.47247335538404","8.0028574053657"
"2022-06-13","68.14649501973311","7.946588047359551"
"2022-02-11","42.59344911365064","7.931625123728997"
"2022-07-06","70.15428199888535","7.9058731190786"
"2022-07-04","70.49945940907816","7.896101220989868"
"2022-07-07","70.01721860465115","7.8823562790697945"
"2022-03-17","49.12039420394201","7.871009810098124"
"2022-01-26","37.66464682681964","7.862022230190059"
"2022-01-23","38.61134499726621","7.822977036632068"
"2022-05-20","63.483792246063196","7.772560088405956"
"2022-03-08","44.089157060518744","7.758320425072064"
"2022-05-26","64.19401375720393","7.726059676519816"
"2022-01-31","39.28679279117729","7.673456469111476"
"2022-06-09","66.63594487445724","7.6459845195393905"
"2022-07-26","71.26263157894742","7.609566020313969"
"2022-01-24","38.94785887422568","7.606734895412539"
"2022-05-21","63.00712285287528","7.598778005974625"
"2022-05-02","57.88177712231541","7.548157433864891"
"2022-03-23","50.037771203155856","7.545161377084476"
"2022-04-02","49.31026063100135","7.51746227709194"
"2022-07-15","70.48163265306125","7.516568819308562"
"2022-05-13","63.099622710959835","7.508481641667456"
"2022-05-31","65.13980403031981","7.4971177666851805"
"2022-05-30","64.52492324867428","7.492217880733117"
"2022-01-11","37.98236302915426","7.484317176640511"
"2022-05-12","62.908165146069464","7.447744908303403"
"2022-07-17","71.09032587503484","7.439610064060926"
"2022-04-13","54.61244733467667","7.384936801612026"
"2022-03-09","43.72186771822904","7.354835095895341"
"2022-07-03","70.39865759122709","7.350043486481392"
"2022-06-10","67.21556372549026","7.304807692307713"
"2022-05-01","57.61104071555022","7.30186061678936"
"2022-02-20","41.95988926204955","7.300474720885921"
"2022-04-03","50.22909865796152","7.279380667392111"
"2022-04-14","54.162237955130614","7.276971312982733"
"2022-04-01","49.45080637895307","7.2709289125146706"
"2022-05-24","62.647712839392526","7.2634367234238555"
"2022-05-28","64.08227742115547","7.25807516978326"
"2022-03-12","43.50456969474076","7.235821073924254"
"2022-06-06","65.92129577988473","7.203949618888285"
"2022-07-23","72.03024299065414","7.167295327102822"
"2022-07-25","71.89728280961178","7.139420517560094"
"2022-07-14","70.90467333395647","7.131079540143953"
"2022-03-29","49.994812292805356","7.119019801093108"
"2022-01-18","39.801561518442064","7.114540069999117"
"2022-07-02","70.36688397581261","7.114412320483762"
"2022-07-08","70.22043788848684","7.10175804805642"
"2022-01-13","41.154570661896244","7.095582289803237"
"2022-06-01","65.28569712648991","7.09289383719858"
"2022-03-14","46.52976899476631","7.091193827828933"
"2022-06-11","67.75888001521201","7.0836147556569795"
"2022-06-14","68.2002082150293","7.072089721749028"
"2022-04-25","57.280005548876346","7.062832701377982"
"2022-03-22","49.962049488972625","7.0616272189349285"
"2022-05-29","64.08001488649056","7.0495989951619205"
"2022-06-07","66.06931005664407","7.0386990435509444"
"2022-04-09","53.010200870128664","7.023551791169135"
"2022-05-15","63.34979354354349","7.019359984985"
"2022-07-01","70.52283228884103","6.997135908708275"
"2022-07-27","71.15596152067337","6.996004994912604"
"2022-05-22","62.39148956090255","6.981140342664563"
"2022-01-12","39.93698556442213","6.980308437191805"
"2022-01-25","37.85587124617876","6.975196007912262"
"2022-05-19","63.37825926948195","6.966161560401156"
"2022-03-15","47.90801082543979","6.961760938204798"
"2022-05-03","57.90877241379307","6.942939770114948"
"2022-05-11","62.10309628812931","6.932780227857419"
"2022-06-12","68.0636623203578","6.918936899210059"
"2022-03-25","50.331188697921334","6.9038450463421315"
"2022-03-24","50.31095263724433","6.8729897739504935"
"2022-03-13","44.32792949127775","6.85364964836973"
"2022-05-04","58.26856644640233","6.849009728340687"
"2022-06-05","65.9484962760442","6.840210238521738"
"2022-05-06","59.78644705450539","6.831566342448158"
"2022-03-21","49.68162347012242","6.821688264938825"
"2022-06-03","65.61266635644492","6.819126105165206"
"2022-06-24","70.01891916859121","6.7964036951501265"
"2022-03-05","45.778297525156354","6.771957211494892"
"2022-04-26","56.48807593070405","6.759084961297464"
"2022-05-16","63.21811727825924","6.747878480545834"
"2022-03-26","49.81377120566086","6.723458223714068"
"2022-05-14","63.23754211905653","6.719003182328733"
"2022-07-24","72.12148543598387","6.714486278917313"
"2022-04-24","57.67140990948954","6.70180367640199"
"2022-03-16","48.88842171603495","6.669370667146855"
"2022-07-12","70.84268033619652","6.644649487392641"
"2022-06-02","65.60549633886366","6.634190379089826"
"2022-07-09","70.16418035847651","6.630054144884252"
"2022-07-13","70.56140792540786","6.572259207459217"
"2022-07-22","72.15537167159766","6.565531619822494"
"2022-07-19","72.24317131768623","6.562749953797828"
"2022-05-23","62.30637490747591","6.545571798667661"
"2022-07-18","71.78540234157215","6.529483367403838"
"2022-04-30","57.13933152326556","6.500051493305885"
"2022-07-10","70.04259745127436","6.466006371814099"
"2022-07-21","72.69291581108834","6.462871009893599"
"2022-06-25","70.38654531807089","6.462668418089711"
"2022-06-04","65.75538042968392","6.46027207055072"
"2022-03-10","43.8611410118407","6.438404198062445"
"2022-05-10","61.03373770793123","6.402531017369739"
"2022-06-18","68.87330018169652","6.39120971597973"
"2022-05-05","59.17929010364122","6.385708520590674"
"2022-06-21","69.11833962264151","6.359575471698118"
"2022-04-15","54.10323178072042","6.340433373460516"
"2022-06-20","68.98093830456757","6.32188995899686"
"2022-05-18","62.803812154696125","6.321494475138132"
"2022-03-02","46.10140971536326","6.320369938044366"
"2022-07-28","74.67644028103038","6.3082529274004635"
"2022-04-29","56.71123970002773","6.305392093324702"
"2022-06-27","70.02265167704176","6.290194183777768"
"2022-06-29","70.06847957009172","6.2806022421940195"
"2022-04-12","54.467630803242464","6.262729366249093"
"2022-04-21","55.83814423518609","6.236733118971069"
"2022-07-11","70.46928140936485","6.227273991655086"
"2022-06-28","69.78492313391368","6.223373772920919"
"2022-06-30","70.36259563351369","6.221308079865654"
"2022-04-11","53.94134139637163","6.182624152464738"
"2022-05-07","59.66298296248019","6.180542780001876"
"2022-04-18","53.416794249439846","6.165397684839443"
"2022-03-01","44.997095959595946","6.15573773448774"
"2022-06-26","70.34650352941183","6.150399058823534"
"2022-06-22","69.31724649781985","6.127085072826799"
"2022-04-20","54.50232857800273","6.093103543488271"
"2022-07-20","72.2541518608565","6.072545352534133"
"2022-06-17","69.72287606433302","6.058278145695368"
"2022-06-23","69.72358760980127","5.983395284327329"
"2022-06-16","69.50239346724236","5.960743382767041"
"2022-03-28","49.46594541210275","5.923512300233443"
"2022-04-17","53.58864941176468","5.88887905882354"
"2022-02-26","42.356559237403516","5.8850322287789485"
"2022-06-19","68.44253874115174","5.862284293093557"
"2022-04-22","56.80386562356192","5.856722503451459"
"2022-05-08","58.92837913628714","5.793581043185651"
"2022-06-15","68.74926353316448","5.767074772492738"
"2022-04-28","56.18394982012729","5.757675491190853"
"2022-04-23","57.35213913690476","5.744825148809533"
"2022-05-17","62.95787633419208","5.707162311372841"
"2022-04-16","53.66156990246167","5.678372503483524"
"2022-03-19","48.54773828017908","5.639302750616837"
"2022-03-27","48.98273831098225","5.612246284885837"
"2022-05-09","59.88887044721067","5.492870447210704"
"2022-03-04","45.00815173527035","5.489244910770342"
"2022-02-28","44.390229626294435","5.428688878883389"
"2022-04-10","53.0034254863632","5.414275342083232"
"2022-03-03","45.735396239992774","5.225688585049926"
"2022-04-19","52.9034871698468","5.1327972553811465"
"2022-04-27","55.94450781968718","5.05612695492181"
"2022-03-20","48.924838091763206","5.029855878865275"
"2022-02-27","44.12767792302107","5.007205882352947"
